seq_id,Taxon,sample_nc_flag,sample2,sample1.1B,sample1.2B,sample1.3B,sample3
20ae4af88803c5e4662e5b4e3742ba8d,Eukaryota;Dinophyceae__p;Dinophyceae;Syndiniales;NA;NA;NA,2,30000,0,0,0,0
79544ffcfff628b44be9af5c7a3c782a,Eukaryota;Dinophyceae__p;Dinophyceae;Peridiniales;Heterocapsaceae;Heterocapsa;Heterocapsa rotundata,2,0,130,100,150,50
7e044ffc2dddb8565629853bc7533d9a,Eukaryota;Ciliophora;Phyllopharyngea;Exogenida;Ephelotidae;Ephelota;Ephelota plana,2,100,1000,325,25000,50
a92ff015991848c989b2b3f4bb6c7cbf,Eukaryota;Dinophyceae__p;Dinophyceae;Gymnodiniales;Gymnodiniaceae;NA;NA,2,500,200,1000,200,5000
c6ab74535fde4b02df0329925beae4fe,Eukaryota;Dinophyceae__p;Dinophyceae;Gymnodiniales;NA;NA;NA,2,1000,800,1000,50,500
c6fd4374505a98bed32f10f549eb0565,Eukaryota;Dinophyceae__p;Dinophyceae;NA;NA;NA;NA,2,150,200,3000,2000,50
da4854c7d470b3cc4a603caa8bdc0063,Eukaryota;Dinophyceae__p;Dinophyceae;NA;NA;NA;NA,2,400,300,400,4500,300
df07fc19312c666e9350ac397b0da7f4,Eukaryota;Dinophyceae__p;Dinophyceae;NA;NA;NA;NA,2,400,3500,5000,450,5000
e9cb7472f160adfcd60f41c05e1e953c,Eukaryota;Ciliophora;Spirotrichea;NA;NA;NA;NA,2,650,200,1000,150,3000
